Authors,Title,Publication,Volume,Number,Pages,Year,Publisher
"Busse, William W; Morgan, Wayne J; Gergen, Peter J; Mitchell, Herman E; Gern, James E; Liu, Andrew H; Gruchalla, Rebecca S; Kattan, Meyer; Teach, Stephen J; Pongracic, Jacqueline A; ",Randomized trial of omalizumab (anti-IgE) for asthma in inner-city children,New England Journal of Medicine,364,11,1005-1015,2011,Mass Medical Soc
"Visness, Cynthia M; London, Stephanie J; Daniels, Julie L; Kaufman, Jay S; Yeatts, Karin B; Siega-Riz, Anna-Maria; Liu, Andrew H; Calatroni, Agustin; Zeldin, Darryl C; ",Association of obesity with IgE levels and allergy symptoms in children and adolescents: results from the National Health and Nutrition Examination Survey 2005-2006,Journal of Allergy and Clinical Immunology,123,5,1163-1169. e4,2009,Mosby
"Gergen, Peter J; Arbes Jr, Samuel J; Calatroni, Agustin; Mitchell, Herman E; Zeldin, Darryl C; ",Total IgE levels and asthma prevalence in the US population: results from the National Health and Nutrition Examination Survey 2005-2006,Journal of Allergy and Clinical Immunology,124,3,447-453,2009,Mosby
"Wright, Rosalind J; Visness, Cynthia M; Calatroni, Agustin; Grayson, Mitchell H; Gold, Diane R; Sandel, Megan T; Lee-Parritz, Aviva; Wood, Robert A; Kattan, Meyer; Bloomberg, Gordon R; ",Prenatal maternal stress and cord blood innate and adaptive cytokine responses in an inner-city cohort,American journal of respiratory and critical care medicine,182,1,25-33,2010,American Thoracic Society
"Thornburg, Courtney D; Dixon, Natalia; Burgett, Shelly; Mortier, Nicole A; Schultz, William H; Zimmerman, Sherri A; Bonner, Melanie; Hardy, Kristina K; Calatroni, Agustin; Ware, Russell E; ",A pilot study of hydroxyurea to prevent chronic organ damage in young children with sickle cell anemia,Pediatric blood & cancer,52,5,609-615,2009,"Wiley Subscription Services, Inc., A Wiley Company Hoboken"
"Wang, Julie; Visness, Cynthia M; Calatroni, Agustin; Gergen, Peter J; Mitchell, Herman E; Sampson, Hugh A; ",Effect of environmental allergen sensitization on asthma morbidity in inner‐city asthmatic children,Clinical & Experimental Allergy,39,9,1381-1389,2009,"Blackwell Publishing Ltd Oxford, UK"
"Shafir, Tal; Angulo-Barroso, Rosa; Calatroni, Agustin; Jimenez, Elias; Lozoff, Betsy; ",Effects of iron deficiency in infancy on patterns of motor development over time,Human movement science,25,6,821-838,2006,North-Holland
"Kattan, Meyer; Kumar, Rajesh; Bloomberg, Gordon R; Mitchell, Herman E; Calatroni, Agustin; Gergen, Peter J; Kercsmar, Carolyn M; Visness, Cynthia M; Matsui, Elizabeth C; Steinbach, Suzanne F; ","Asthma control, adiposity, and adipokines among inner-city adolescents",Journal of Allergy and Clinical Immunology,125,3,584-592,2010,Mosby
"Golub, Mari S; Hogrefe, Casey E; Tarantal, Alice F; Germann, Stacey L; Beard, John L; Georgieff, Michael K; Calatroni, Agustin; Lozoff, Betsy; ",Diet-induced iron deficiency anemia and pregnancy outcome in rhesus monkeys,The American journal of clinical nutrition,83,3,647-656,2006,Oxford University Press
"Clark, Katy M; Castillo, Marcela; Calatroni, Agustin; Walter, Tomas; Cayazzo, Marisol; Pino, Paulina; Lozoff, Betsy; ",Breast-feeding and mental and motor development at 5½ years,Ambulatory Pediatrics,6,2,65-71,2006,Elsevier
"Felt, Barbara; Jimenez, Elias; Smith, Julia; Calatroni, Agustin; Kaciroti, Niko; Wheatcroft, Gloria; Lozoff, Betsy; ",Iron deficiency in infancy predicts altered serum prolactin response 10 years later,Pediatric research,60,5,513-517,2006,Nature Publishing Group
"Shreffler, Wayne G; Visness, Cynthia M; Burger, Melissa; Cruikshank, William W; Lederman, Howard M; de la Morena, Maite; Grindle, Kristine; Calatroni, Agustin; Sampson, Hugh A; Gern, James E; ",Standardization and performance evaluation of mononuclear cell cytokine secretion assays in a multicenter study,BMC immunology,7,1,29,2006,BioMed Central
"Lozoff, Betsy; Lu Angelilli, Mary; Zatakia, Jigna; Jacobson, Sandra W; Calatroni, Agustin; Beard, John; ",Iron status of inner‐city African‐American infants,American journal of hematology,82,2,112-121,2007,"Wiley Subscription Services, Inc., A Wiley Company Hoboken"
"Corapci, Feyza; Calatroni, Agustin; Kaciroti, Niko; Jimenez, Elias; Lozoff, Betsy; ",Longitudinal evaluation of externalizing and internalizing behavior problems following iron deficiency in infancy,Journal of Pediatric Psychology,35,3,296-305,2010,Oxford University Press
"Gruchalla, Rebecca S; Sampson, Hugh A; Matsui, Elizabeth; David, Gloria; Gergen, Peter J; Calatroni, Agustin; Brown, Mark; Liu, Andrew H; Bloomberg, Gordon R; Chmiel, James F; ",Asthma morbidity among inner-city adolescents receiving guidelines-based therapy: role of predictors in the setting of high adherence,Journal of allergy and clinical immunology,124,2,213-221. e1,2009,Mosby
"Visness, Cynthia M; London, Stephanie J; Daniels, Julie L; Kaufman, Jay S; Yeatts, Karin B; Siega-Riz, Anna-Maria; Calatroni, Agustin; Zeldin, Darryl C; ",Association of childhood obesity with atopic and nonatopic asthma: results from the National Health and Nutrition Examination Survey 1999–2006,Journal of Asthma,47,7,822-829,2010,Taylor & Francis
"Thornburg, Courtney D; Calatroni, Agustin; Telen, Marilyn; Kemper, Alex R; ",Adherence to hydroxyurea therapy in children with sickle cell anemia,The Journal of pediatrics,156,3,415-419,2010,Mosby
"Fessler, Michael B; Massing, Mark W; Spruell, Brian; Jaramillo, Renee; Draper, David W; Madenspacher, Jennifer H; Arbes, Samuel J; Calatroni, Agustin; Zeldin, Darryl C; ",Novel relationship of serum cholesterol with asthma and wheeze in the United States,Journal of allergy and clinical immunology,124,5,967-974. e15,2009,Mosby
"Calatroni, A; Arbes, SJ; Gergen, PJ; Mitchell, HE; Zeldin, DC; ",Classification of 19 allergen-specific IgE antibodies tested in NHANES 2005-2006,Journal of Allergy and Clinical Immunology,123,2,S193,2009,Elsevier Limited
"Thornburg, Courtney D; Dixon, Natalia; Burgett, Shelly; Mortier, Nicole A; Zimmerman, Sherri A; Bonner, Melanie J; Calatroni, Agustin; Ware, Russell E; ",Efficacy of Hydroxyurea To Prevent Organ Damage in Young Children with Sickle Cell Anemia.,,,,,2007,American Society of Hematology
"Kattan, M; Kumar, R; Calatroni, A; ",Adiponectin Modulates Asthma Control in Inner-City Asthmatic Adolescents.,D22. MODULATORS OF INFLAMMATORY PATHWAYS IN AIRWAY DISEASE,,,A5442,2009,American Thoracic Society
"Wang, Julie; Calatroni, Agustin; Visness, Cynthia M; Sampson, Hugh A; ",Correlation of specific IgE to shrimp with cockroach and dust mite exposure and sensitization in an inner-city population,Journal of allergy and clinical immunology,128,4,834-837,2011,Mosby
"Sorkness, CA; Bloomberg, G; Calatroni, A; Curry, M; Gergen, P; Kercsmar, C; Kim, J; Neaville, W; Steinbach, S; ",Comparison of Asthma Phenotypic Characteristics to Exhaled Nitric Oxide: Observations from the ACE Trial,Journal of Allergy and Clinical Immunology,121,2,S5,2008,Elsevier Limited
"King, EM; Filep, S; Smith, B; Metwali, N; Thorne, PS; Versteeg, S; van Ree, R; Arbes, S; Calatroni, A; Mitchell, H; ",Performance Evaluation of Allergen Exposure Assessment using Fluorescent Multiplex Array Technology:-A Multi-Center Ring Trial,Journal of Allergy and Clinical Immunology,123,2,S210,2009,Elsevier Limited
"Takaro, TK; Arbes, SJ; Calatroni, A; Zeldin, DC; ",The Association between Systemic Inflammation and Decreased FEV1 Is Greater in the Non-Atopic Phenotype in NHANES III.,C58. ASTHMA EPIDEMIOLOGY: ETIOLOGY AND OUTCOMES,,,A4757,2009,American Thoracic Society
"Visness, CM; Daniels, JL; Kaufman, JS; Yeatts, KB; London, SJ; Siega-Riz, AM; Calatroni, A; Zeldin, DC; ",Childhood Obesity is Associated with Both Atopy and Current Asthma,Journal of Allergy and Clinical Immunology,123,2,S72,2009,Elsevier Limited
"Wang, J; Visness, CM; Calatroni, A; Gergen, PJ; Mitchell, HE; Sampson, HA; ",Association of environmental allergen sensitization with asthma morbidity,Journal of Allergy and Clinical Immunology,119,1,S169,2007,Elsevier Limited
"Takaro, TK; Arbes, SJ; Calatroni, A; Zeldin, DC; ",The Association between Systemic Inflammation and Asthma Is Greater in the Non-Atopic Phenotype: A Comparison of NHANES III and NHANES 2005-2006.,C58. ASTHMA EPIDEMIOLOGY: ETIOLOGY AND OUTCOMES,,,A4756,2009,American Thoracic Society
"Salo, Päivi M; Calatroni, Agustin; Gergen, Peter J; Hoppin, Jane A; Sever, Michelle L; Jaramillo, Renee; Arbes Jr, Samuel J; Zeldin, Darryl C; ",Allergy-related outcomes in relation to serum IgE: results from the National Health and Nutrition Examination Survey 2005-2006,Journal of Allergy and Clinical Immunology,127,5,1226-1235. e7,2011,Mosby
"Thornburg, Courtney D; Calatroni, Agustin; Panepinto, Julie A; ",Differences in health related quality of life in children with sickle cell disease receiving hydroxyurea,Journal of pediatric hematology/oncology,33,4,251,2011,NIH Public Access
"Wildfire, JJ; Arbes, SJ; Calatroni, A; Mitchell, H; ",Clinical Applicability of Commonly-Used Exposure Thresholds for Allergen Sensitivity and Asthma Morbidity,Journal of Allergy and Clinical Immunology,121,2,S201,2008,Elsevier
"McLoughlin, RM; Calatroni, A; Visness, CM; Wallace, PK; Cruikshank, WW; Gern, JE; Gold, DR; ",Longitudinal Relationship of Early-Life Immunomodulatory T-cell Phenotype and Function with Development of Allergic Sensitization in an Urban Cohort,Journal of Allergy and Clinical Immunology,125,2,AB126,2010,Elsevier Limited
"Hayashi, Masanori; Calatroni, Agustin; Herzberg, Brittany; Ross, Allison K; Rice, Henry E; Thornburg, Courtney; ",Impact of hydroxyurea on perioperative management and outcomes in children with sickle cell anemia,Journal of Pediatric Hematology/Oncology,33,7,487-490,2011,LWW
"Wildfire, Jeremy J; Gergen, Peter J; Sorkness, Christine A; Mitchell, Herman E; Calatroni, Agustin; Kattan, Meyer; Szefler, Stanley J; Teach, Stephen J; Bloomberg, Gordon R; Wood, Robert A; ",Development and validation of the Composite Asthma Severity Index—an outcome measure for use in children and adolescents,Journal of Allergy and Clinical Immunology,129,3,694-701,2012,Mosby
"Arbes, SJ; Calatroni, A; Mitchell, HE; Gergen, PJ; ",Age-Dependent Interaction Between Atopy and Eosinophils in Asthma,Journal of Allergy and Clinical Immunology,129,2,AB153,2012,Elsevier
"Visness, CM; Jaffee, KF; Calatroni, A; Wood, RA; Gergen, PJ; Gern, JE; ",Novel Analysis Methods for Longitudinal Cytokine Response Data in a Birth Cohort Study,Journal of Allergy and Clinical Immunology,129,2,AB199,2012,Elsevier
"McLoughlin, Rachel M; Calatroni, Agustin; Visness, Cynthia M; Wallace, Paul K; Cruikshank, William W; Tuzova, Marina; Ly, Ngoc P; Ruiz‐Perez, Begoña; Kattan, Meyer; Bloomberg, Gordon R; ",Longitudinal relationship of early life immunomodulatory T cell phenotype and function to development of allergic sensitization in an urban cohort,Clinical & Experimental Allergy,42,3,392-404,2012,
"Thyagarajan, Ananth; Jones, Stacie M; Calatroni, Agustin; Pons, Laurent; Kulis, Mike; Woo, Caitlin S; Kamalakannan, Mohanapriya; Vickery, Brian P; Scurlock, Amy M; Wesley Burks, A; ",Evidence of pathway‐specific basophil anergy induced by peanut oral immunotherapy in peanut‐allergic children,Clinical & Experimental Allergy,42,8,1197-1205,2012,
"Fujimura, Kei E; Rauch, Marcus; Matsui, Elizabeth; Iwai, Shoko; Calatroni, Agustin; Lynn, Henry; Mitchell, Herman; Johnson, Christine C; Gern, James E; Togias, Alkis; ",Development of a standardized approach for environmental microbiota investigations related to asthma development in children,Journal of microbiological methods,91,2,231-239,2012,Elsevier
"King, Eva M; Filep, Stephanie; Smith, Bryan; Platts-Mills, Thomas; Hamilton, Robert G; Schmechel, Detlef; Sordillo, Joanne E; Milton, Donald; van Ree, Ronald; Krop, Esmeralda JM; ",A multi-center ring trial of allergen analysis using fluorescent multiplex array technology,Journal of immunological methods,387,1-2,89-95,2013,Elsevier
"Arbes Jr, Samuel J; Calatroni, Agustin; Mitchell, Herman E; Gergen, Peter J; ",Age‐dependent interaction between atopy and eosinophils in asthma cases: results from NHANES 2005–2006,Clinical & Experimental Allergy,43,5,544-551,2013,
"Sever, Michelle L; Thomas, James; Calatroni, Agustin; Yeatts, Karin; Visness, Cynthia; Mitchell, Herman; Zeldin, Darryl C; ",Allergen Exposure Influences the Relationship Between Community Violence and Asthma Morbidity: The Inner City Asthma Study,Journal of Allergy and Clinical Immunology,131,2,AB55,2013,Elsevier
"Sorkness, Christine A; Wildfire, Jeremy J; Calatroni, Agustin; Mitchell, Herman E; Busse, William W; O'Connor, George T; Pongracic, Jacqueline A; Ross, Kristie; Gill, Michelle A; Kattan, Meyer; ",Reassessment of omalizumab-dosing strategies and pharmacodynamics in inner-city children and adolescents,The Journal of Allergy and Clinical Immunology: In Practice,1,2,163-171,2013,Elsevier
"Gergen, Peter J; Teach, Stephen J; Mitchell, Herman E; Freishtat, Robert F; Calatroni, Agustin; Matsui, Elizabeth; Kattan, Meyer; Bloomberg, Gordon R; Liu, Andrew H; Kercsmar, Carolyn; ",Lack of a relation between serum 25-hydroxyvitamin D concentrations and asthma in adolescents,The American journal of clinical nutrition,97,6,1228-1234,2013,Oxford University Press
"King, E; Filep, S; Smith, B; Thome, P; van Ree, It; Calatroni, A; Arbes, S; Mitchell, H; Chapman, M; ",MULTIPLEX TECHNOLOGIES-EXPANDING HORIZONS FOR QUANTITATIVE ALLERGEN EXPOSURE ASSESSMENT.: 40,"Annals of Allergy, Asthma, & Immunology",103,5,,2009,
"Thornburg, Courtney D; Calatroni, Agustin; Herzberg, Brittany; Telen, Marilyn J; Kemper, Alex; ",Adherence with Hydroxyurea in Children with Sickle Cell Disease,,,,,2008,American Society of Hematology
"Hayashi, Masanori; Calatroni, Agustin; Herzberg, Brittany; Thornburg, Courtney; ",Impact of Hydroxyurea On Peri-Operative Management and Outcomes in Children with Sickle Cell Anemia.,,,,,2009,American Society of Hematology
"King, EM; Filep, S; Smith, B; Thorne, P; van Ree, R; Arbes, S; Calatroni, A; Mitchell, H; Chapman, MD; ",A multi-center ring trial of allergen exposure assessment using fluorescent multiplex array technology,Allergy,64,,4-5,2009,
"Liberzon, S; Barroso, TRA; Calatroni, A; Jimenez, E; Lozoff, B; ",Long-term effects of iron deficiency on motor development,JOURNAL OF SPORT & EXERCISE PSYCHOLOGY,26,,S166-S166,2004,"HUMAN KINETICS PUBL INC 1607 N MARKET ST, CHAMPAIGN, IL 61820-2200 USA"
"Beard, J; Calatroni, A; Murray-Kolb, L; Lozoff, B; ",AGP and CRP are related to plasma ferritin in African American infants,FASEB JOURNAL,19,5,A1469-A1469,2005,"FEDERATION AMER SOC EXP BIOL 9650 ROCKVILLE PIKE, BETHESDA, MD 20814-3998 USA"
"Silbermins, Damian; Calatroni, Agustin; Jonassaint, Jude; Telen, Marilyn J; De Castro, Laura M; ",Retrospective Review of the Natural History of Pulmonary Hypertension in Sickle Cell Disease Demonstrates That Progressive Enlargement of the Left Atrium Is a Strong Predictor of Death.,,,,,2009,American Society of Hematology
"Thornburg, Courtney; Calatroni, Agustin; Panepinto, Julie; ",ASSOCIATION BETWEEN HYDROXYUREA AND HEALTH-RELATED QUALITY OF LIFE IN CHILDREN WITH SICKLE CELL DISEASE:(POSTER 246),Pediatric Blood & Cancer,54,6,,2010,
"Calatroni, Agustin; Walter, Tomas; Cayazzo, Marisol; Pino, Paulina; Lozoff, Betsy; Dreyer, Benard P; Tamis-LeMonda, Catherine; Flynn, Virginia; Rovira, Irene; Tineo, Wendy; ",AMBULATORY PEDIATRICS,,,,,,
"Ewart, C; Bucher, RM; Burrell, L; Bush, AJ; Calatroni, A; Canterford, L; Carlin, JB; Castillo, M; Cayazzo, M; Chamberlain, L; ","Eleoff SB, 230 Elliott MN, 138 Elo IT, 25 Epstein M, 32",Ambulatory Pediatrics,6,6,,2006,
"Holt, Patrick G; Sly, Peter D; Sampson, Hugh A; Robinson, Phil; Loh, Richard; Lowenstein, Henning; Calatroni, Agustin; Sayre, Peter; ",Prophylactic use of sublingual allergen immunotherapy in high-risk children: a pilot study,Journal of allergy and clinical immunology,132,4,991-993. e1,2013,Elsevier
"Lozoff, B; Smith, J; Liberzon, T; Angulo-Barroso, R; Calatroni, A; Jimenez, E; ",Longitudinal analysis of cognitive and motor effects of iron deficiency in infancy,Pediatric Research,55,4,23A-23A,2004,"INT PEDIATRIC RESEARCH FOUNDATION, INC 351 WEST CAMDEN ST, BALTIMORE, MD …"
"Zabel, Rebecca A; Gergen, Peter J; Sorkness, Christine A; Wildfire, Jeremy; Calatroni, Agustin; Mitchell, Herman; ",Determining Risk Levels Of The Composite Asthma Severity Index (CASI),Journal of Allergy and Clinical Immunology,133,2,AB283,2014,Elsevier
"Patil, Sarita U; Ogunniyi, Adebola; Ma, Alex; Brennan, Alisa K; Swenson, Theadora; Calatroni, Agustin; Moon, James; Love, J Christopher; Shreffler, Wayne G; ",Induction Of Arah2-Specific Memory B Cells Identified Using a Novel Tetramer-Based Approach Occurs Early and Transiently During Peanut Oral Immunotherapy,Journal of Allergy and Clinical Immunology,133,2,AB47,2014,Elsevier
"Lynn, Henry; Calatroni, Agustin; Jaffee, Katy; Zabel, Rebecca A; Arbes, Samuel J; ",Published Findings On Dust Allergens May Be Inaccurate Due To Improper Handling Of Values Below The Lower Limit Of Detection,Journal of Allergy and Clinical Immunology,133,2,AB217,2014,Elsevier
"Wildfire, Jeremy; Calatroni, Agustin; Lynch, Susan V; Boushey, Homer; Fujimura, Kei; Rauch, Marcus; Lynn, Henry; ","Interactive Exploration of Microbial Exposure, Asthma and Allergy using a web-based tool",Journal of Allergy and Clinical Immunology,133,2,AB240,2014,Mosby
"Aertker, Leela; Wildfire, Jeremy; Calatroni, Agustin; Mitchell, Herman; ",Predictors Of FeNO Decrease In Response To Inhaled Corticosteroid Treatment,C38. ADVANCES IN ASTHMA AND COPD SCREENING AND MONITORING,,,A4315-A4315,2012,American Thoracic Society
"Salo, Päivi M; Arbes Jr, Samuel J; Jaramillo, Renee; Calatroni, Agustin; Weir, Charles H; Sever, Michelle L; Hoppin, Jane A; Rose, Kathryn M; Liu, Andrew H; Gergen, Peter J; ",Prevalence of allergic sensitization in the United States: results from the National Health and Nutrition Examination Survey (NHANES) 2005-2006,Journal of Allergy and Clinical Immunology,134,2,350-359,2014,Mosby
"Calatroni, Agustin; Mitchell, Herman; ","Allergies, Asthma and Exposures in the Homes of the US Population A Project for IMSM 2014",,,,,,
"Lynch, Susan V; Wood, Robert A; Boushey, Homer; Bacharier, Leonard B; Bloomberg, Gordon R; Kattan, Meyer; O’Connor, George T; Sandel, Megan T; Calatroni, Agustin; Matsui, Elizabeth; ",Effects of early-life exposure to allergens and bacteria on recurrent wheeze and atopy in urban children,Journal of Allergy and Clinical Immunology,134,3,593-601. e12,2014,Mosby
"Bird, J Andrew; Wang, Julie; Visness, Cynthia M; Calatroni, Agustin; Sampson, Hugh A; Gruchalla, Rebecca; ",Winter birth in inner-city asthmatic children is associated with increased food allergen sensitization risk,Journal of Allergy and Clinical Immunology,134,2,490-492. e2,2014,Elsevier
"Grayson, MH; Ehlenbach, SJ; Kitchens, RT; ",Noroviral Gastrointestinal Infection Drives Expression of FcɛRIα on Lamina Propria Dendritic Cells,Journal of Allergy and Clinical Immunology,123,2,S193,2009,Elsevier
"Salo, Paivi M; Jaramillo, Renee; Rose, Kathryn M; Calatroni, Agustin; Mitchell, Herman; Zeldin, Darryl C; ",Predictors of Bedroom Allergen Exposures in US Homes,Journal of Allergy and Clinical Immunology,135,2,AB21,2015,Elsevier Limited
"Yang, Ivana V; Pedersen, Brent S; Liu, Andrew; O'Connor, George T; Teach, Stephen J; Kattan, Meyer; Misiak, Rana Tawil; Gruchalla, Rebecca; Steinbach, Suzanne F; Szefler, Stanley J; ",DNA methylation and childhood asthma in the inner city,Journal of Allergy and Clinical Immunology,136,1,69-80,2015,Mosby
"Teach, Stephen J; Gergen, Peter J; Szefler, Stanley J; Mitchell, Herman E; Calatroni, Agustin; Wildfire, Jeremy; Bloomberg, Gordon R; Kercsmar, Carolyn M; Liu, Andrew H; Makhija, Melanie M; ",Seasonal risk factors for asthma exacerbations among inner-city children,Journal of Allergy and Clinical Immunology,135,6,1465-1473. e5,2015,Mosby
"Hoch, Heather E; Calatroni, Agustin; Szefler, Stanley; ",B27 VIRAL INFECTION AND PEDIATRIC ASTHMA: Validation Of Predictors For Fall Asthma Exacerbations In Inner City Children,American Journal of Respiratory and Critical Care Medicine,191,,1,2015,American Thoracic Society
"Patil, Sarita U; Ogunniyi, Adebola O; Calatroni, Agustin; Tadigotla, Vasisht R; Ruiter, Bert; Ma, Alex; Moon, James; Love, J Christopher; Shreffler, Wayne G; ",Peanut oral immunotherapy transiently expands circulating Ara h 2–specific B cells with a homologous repertoire in unrelated subjects,Journal of Allergy and Clinical Immunology,136,1,125-134. e12,2015,Mosby
"Teach, Stephen J; Gill, Michelle A; Togias, Alkis; Sorkness, Christine A; Arbes Jr, Samuel J; Calatroni, Agustin; Wildfire, Jeremy J; Gergen, Peter J; Cohen, Robyn T; Pongracic, Jacqueline A; ",Preseasonal treatment with either omalizumab or an inhaled corticosteroid boost to prevent fall asthma exacerbations,Journal of Allergy and Clinical Immunology,136,6,1476-1485,2015,Mosby
"Gruchalla, Rebecca S; Sampson, Hugh A; Liu, Andrew H; Shreffler, Wayne; Wallace, Paul K; Togias, Alkis; David, Gloria; Calatroni, Agustin; LeBeau, Petra; Inner-city Asthma Consortium; ",Effects of omalizumab on T lymphocyte function in inner-city children with asthma,Pediatric allergy and immunology: official publication of the European Society of Pediatric Allergy and Immunology,27,3,328,2016,NIH Public Access
"Salo, PM; Calatroni, A; Gergen, PJ; ",1 Allergy and,Year Book of Otolaryngology-Head and Neck Surgery 2012-E-Book,2012,,1,2012,Elsevier Health Sciences
"Patil, S; Steinbrecher, J; Ogunniyi, A; Calatroni, A; Moon, J; Love, J; Shreffler, W; ",Clonal homology in immunoglobulin heavy chains in unrelated patients undergoing peanut oral immunotherapy: 169,Allergy: European Journal of Allergy and Clinical Immunology,70,,,2015,
"DiMango, Emily; Serebrisky, Denise; Narula, Surinder; Shim, Chang; Keating, Claire; Sheares, Beverly; Perzanowski, Matthew; Miller, Rachel; DiMango, Angela; Andrews, Howard; ",Individualized household allergen intervention lowers allergen level but not asthma medication use: a randomized controlled trial,The Journal of Allergy and Clinical Immunology: In Practice,4,4,671-679. e4,2016,Elsevier
"Yang, Ivana V; Pedersen, Brent S; Liu, Andrew H; O’Connor, George T; Teach, Stephen J; Kattan, Meyer; Misiak, Rana T; Gruchalla, Rebecca; Steinbach, Suzanne F; Szefler, Stanley J; ",DNA Methylation Changes in Nasal Epithelia Are Associated with Allergic Asthma in the Inner City,Annals of the American Thoracic Society,13,Supplement 1,S99-S100,2016,American Thoracic Society
"Esquivel, Ann T; Busse, William W; Calatroni, Agustin; Gergen, Peter J; Grindle, Kristine; Gruchalla, Rebecca S; Kattan, Meyer; Kercsmar, Carolyn; Hershey, Gurjit K Khurana; Kim, Haejin; ",Omalizumab Decreases Rates of Cold Symptoms in Inner-City Children with Allergic Asthma,Journal of Allergy and Clinical Immunology,137,2,AB87,2016,Elsevier Limited
"Brown, Kari R; Zabel, Rebecca A; Calatroni, Agustin; Visness, Cynthia; Sivaprasad, Umasundari; Matsui, Elizabeth; West, Joseph B; Makhija, Melanie M; Gill, Michelle A; Kim, Haejin; ",Endotypes of Difficult-to-Control Asthma in Inner City Children Differ By Race,Journal of Allergy and Clinical Immunology,137,2,AB177,2016,Elsevier Limited
"Yang, Ivana V; Pedersen, Brent; Liu, Andrew; O'Connor, George T; Teach, Stephen J; Kattan, Meyer; Misiak, Rana T; Gruchalla, Rebecca; Steinbach, Suzanne F; Szefler, Stanley J; ",Nasal Epithelial Dna Methylation And Gene Expression Profiles Of Allergic Asthma In The Inner City,B59. PUTTING THE GENIE BACK IN THE BOTTLE: REGULATING GENE EXPRESSION,,,A3375-A3375,2014,American Thoracic Society
"Busse, Paula J; Birmingham, Janette M; Calatroni, Agustin; Manzi, Joseph; Goryachokovsky, Anna; Fontela, Giselle; Federman, Alex D; Wisnivesky, Juan P; ",Effect of aging on sputum inflammation and asthma control,Journal of Allergy and Clinical Immunology,139,6,1808-1818. e6,2017,Mosby
"Krouse, Rebecca Z; Sorkness, Christine A; Wildfire, Jeremy J; Calatroni, Agustin; Gruchalla, Rebecca; Hershey, Gurjit K Khurana; Kattan, Meyer; Liu, Andrew H; Makhija, Melanie; Teach, Stephen J; ",Minimally important differences and risk levels for the Composite Asthma Severity Index,Journal of Allergy and Clinical Immunology,139,3,1052-1055,2017,Elsevier
"Lozoff, Betsy; Lu Angelilli, Mary; Zatakia, Jigna; Jacobson, Sandra W; Calatroni, Agustin; Beard, John; ","Iron status of inner-city African-American infants Preliminary results were presented at the Pediatric Academic Society meetings, Seattle, 2003.",,,,,2007,"Wiley Subscription Services, Inc., A Wiley Company"
"Arbes Jr, Samuel J; Calatroni, Agustin; Wildfire, Jeremy J; Gergen, Peter J; Cohen, Robyn T; Pongracic, Jacqueline A; Kercsmar, Carolyn M; Hershey, Gurjit K Khurana; Gruchalla, Rebecca S; Liu, Andrew H; ",Preseasonal treatment with either omalizumab or an inhaled corticosteroid boost to prevent fall asthma exacerbations,,,,,2015,
"Schwartz, David A; Yang, Ivana V; Pedersen, Brent S; Liu, Andrew; O'Connor, George T; Teach, Stephen J; Kattan, Meyer; Misiak, Rana T; Gruchalla, Rebecca; Steinbach, Suzanne F; ",Dna Methylation Changes And Childhood Asthma In The Inner City,A101. GENETICS AND GENOMICS OF ASTHMA AND LUNG FUNCTION,,,A2121-A2121,2013,American Thoracic Society
"Gern, James E; Calatroni, Agustin; Jaffee, Katy F; Lynn, Henry; Dresen, Amy; Cruikshank, William W; Lederman, Howard M; Sampson, Hugh A; Shreffler, Wayne; Bacharier, Leonard B; ",Patterns of immune development in urban preschoolers with recurrent wheeze and/or atopy,Journal of Allergy and Clinical Immunology,140,3,836-844. e7,2017,Mosby
"Visness, Cynthia M; Calatroni, Agustin; Jaffee, Katy F; T O'Connor, George; Bacharier, Leonard B; Kattan, Meyer; Wood, Robert A; Gergen, Peter J; Gern, James E; ",How Much Does the Asthma Outcome Definition Matter?,Journal of Allergy and Clinical Immunology,139,2,AB191,2017,Elsevier Limited
"Hoch, Heather E; Calatroni, Agustin; West, Joseph B; Liu, Andrew H; Gergen, Peter J; Gruchalla, Rebecca S; Hershey, Gurjit K Khurana; Kercsmar, Carolyn M; Kim, Haejin; Lamm, Carin I; ",Can we predict fall asthma exacerbations? Validation of the seasonal asthma exacerbation index,Journal of Allergy and Clinical Immunology,140,4,1130-1137. e5,2017,Mosby
"McCauley, Kathryn; Valladares, Ricardo; LeBeau, Petra; Tran, Hoang; Calatroni, Agustin; Boushey, Homer A; Gern, James E; Jackson, Daniel J; Lynch, Susan V; ",Distinct Upper Airway Bacterial Microbiota Differentially Relate To Exacerbation And Rhinovirus Infection In Pediatric Asthmatics,B21. ALTERATIONS IN MICROBIOME AND VIROME IN LUNG DISEASE,,,A2952-A2952,2017,American Thoracic Society
"Szefler, Stanley J; Cloutier, Michelle; Villarreal, Miguel; Hollenbach, Jessica; Gleason, Melanie; Haas Howard, Christy; Vinick, Carol; Calatroni, Agustin; Cicutto, Lisa; White, Martha; ",Building Bridges For Asthma Care: Reducing School Absence For Children With Health Disparities,C26. ASTHMA IN INFANTS AND CHILDREN,,,A5092-A5092,2017,American Thoracic Society
"Beckman, Erin; Chai, Christine; Lyu, Jingjing; Mahserejian, Shant; Tran, Hoang; Yavari, Shirin; ",Investigating the Relationship Between the Microbiome and Environmental Characteristics,,,,,,
"Esquivel, Ann; Busse, William W; Calatroni, Agustin; Togias, Alkis G; Grindle, Kristine G; Bochkov, Yury A; Gruchalla, Rebecca S; Kattan, Meyer; Kercsmar, Carolyn M; Khurana Hershey, G; ","Effects of omalizumab on rhinovirus infections, illnesses, and exacerbations of asthma",American journal of respiratory and critical care medicine,196,8,985-992,2017,American Thoracic Society
"Patil, Sarita U; Calatroni, Agustin; Schneider, Michael; Steinbrecher, Johanna; Smith, Neal; Washburn, Cecilia; Ma, Alex; Shreffler, Wayne G; ",Data‐driven programmatic approach to analysis of basophil activation tests,Cytometry Part B: Clinical Cytometry,94,4,667-673,2018,
"Sheehan, William J; Brough, Helen A; Makinson, Kerry; Petty, Carter R; Lack, Gideon; Phipatanakul, Wanda; ",Distribution of peanut protein in school and home environments of inner-city children,Journal of Allergy and Clinical Immunology,140,6,1724-1726,2017,Elsevier
"Calatroni, Agustin; Wildfire, Jeremy J; ",Graphic depiction of bioinformatics data,Journal of Allergy and Clinical Immunology,140,6,1519-1522,2017,Elsevier
"Esquivel, Ann; Busse, William W; Calatroni, Agustin; Togias, Alkis G; Hershey, Khurana; Kim, Haejin; Lebeau, Petra; Liu, Andrew H; Szefler, Stanley J; ",K4/918 CSC,,,,,2017,
"Albers, Frank C; Price, Robert G; Smith, Steven G; Yancey, Steven W; ",Mepolizumab efficacy in patients with severe eosinophilic asthma receiving different controller therapies,Journal of Allergy and Clinical Immunology,140,5,1464-1466. e4,2017,Elsevier
"Gergen, Peter J; Mitchell, Herman E; Calatroni, Agustin; Sever, Michelle L; Cohn, Richard D; Salo, Pӓivi M; Thorne, Peter S; Zeldin, Darryl C; ",Sensitization and exposure to pets: the effect on asthma morbidity in the US population,The Journal of Allergy and Clinical Immunology: In Practice,6,1,101-107. e2,2018,Elsevier
"Brown, KR; Krouse, RZ; Calatroni, A; Visness, CM; Sivaprasad, U; Kercsmar, CM; Matsui, Elizabeth C; West, JB; Makhija, MM; Gill, MA; ",Endotypes of difficult-to-control asthma in inner-city African American children,PLoS One,12,7,e0180778,2017,"Public Library of Science San Francisco, CA USA"
"Calatroni, Agustin; LeBeau, Petra; Tran, Hoang; ",23nd Industrial Mathematical and Statistical Modeling Workshop 16-27 July 2017,,,,,2017,
"Gill, Michelle A; Liu, Andrew H; Calatroni, Agustin; Krouse, Rebecca Z; Shao, Baomei; Schiltz, Allison; Gern, James E; Togias, Alkis; Busse, William W; ",Enhanced plasmacytoid dendritic cell antiviral responses after omalizumab,Journal of Allergy and Clinical Immunology,141,5,1735-1743. e9,2018,Mosby
"O'Connor, George T; Lynch, Susan V; Bloomberg, Gordon R; Kattan, Meyer; Wood, Robert A; Gergen, Peter J; Jaffee, Katy F; Calatroni, Agustin; Bacharier, Leonard B; Beigelman, Avrahman; ",Early-life home environment and risk of asthma among inner-city children,Journal of Allergy and Clinical Immunology,141,4,1468-1475,2018,Mosby
"Salo, Päivi M; Wilkerson, Jesse; Rose, Kathryn M; Cohn, Richard D; Calatroni, Agustin; Mitchell, Herman E; Sever, Michelle L; Gergen, Peter J; Thorne, Peter S; Zeldin, Darryl C; ",Bedroom allergen exposures in US households,Journal of Allergy and Clinical Immunology,141,5,1870-1879. e14,2018,Mosby
"Maric, Jovana; Ravindran, Avinash; Mazzurana, Luca; Björklund, Åsa K; Van Acker, Aline; Rao, Anna; Friberg, Danielle; Dahlén, Sven-Erik; Heinemann, Akos; Konya, Viktoria; ",Prostaglandin E2 suppresses human group 2 innate lymphoid cell function,Journal of Allergy and Clinical Immunology,141,5,1761-1773. e6,2018,Mosby
"Birmingham, Janette; Calatroni, Agustin; Wisnivesky, Juan P; Busse, Paula J; ",Decreased asthma control in older patients with Cytomegalovirus seropositivity,Journal of Allergy and Clinical Immunology,141,2,AB107,2018,Elsevier Limited
"Ramratnam, Sima K; Calatroni, Agustin; Bacharier, Leonard; Jackson, Daniel J; Beigelman, Avraham; Wood, Robert A; Kattan, Meyer; T O'Connor, George; Visness, Cynthia M; Gergen, Peter J; ","Maternal stress and depression are associated with development of a high-wheeze, low-atopy phenotype in their young offspring",Journal of Allergy and Clinical Immunology,141,2,AB7,2018,Elsevier Limited
"McCauley, Kathryn; Fadrosh, Douglas; Lynch, Kole; Calatroni, Agustin; LeBeau, Petra; Tran, Hoang; Boushey, Homer A; Jackson, Daniel J; Gern, James E; Lynch, Susan V; ",Early-life House Dust and Infant Nasal Microbiota Similarity is Diminished in Infants who Develop Atopy,Journal of Allergy and Clinical Immunology,141,2,AB6,2018,Elsevier
"Rondeau, Colby P; Calatroni, Agustin; Smith, Neal; Tang, Huong; Virkud, Yamini V; Ruiter, Bert; Shreffler, Wayne G; Patil, Sarita U; ",Decrease in early basophil sensitivity to Ara h 2 correlates with sustained unresponsiveness in peanut oral immunotherapy,Journal of Allergy and Clinical Immunology,141,2,AB287,2018,Elsevier Limited
"Yang, IV; Pedersen, BS; Liu, A; O'Connor, GT; Teach, SJ; Kattan, M; Misiak, RT; Gruchalla, R; Steinbach, SF; Szefler, SJ; ",D14 EPIGENETIC REGULATION OF INFLAMMATION: Dna Methylation Changes In Nasal Epithelia Assoicated With Allergic Asthma In The Inner City,American Journal of Respiratory and Critical Care Medicine,191,,1,2015,American Thoracic Society
"Yang, IV; Pedersen, B; Liu, A; O'Connor, GT; Teach, SJ; Kattan, M; Misiak, RT; Gruchalla, R; Steinbach, SF; Szefler, SJ; ",B59 PUTTING THE GENIE BACK IN THE BOTTLE: REGULATING GENE EXPRESSION: Nasal Epithelial Dna Methylation And Gene Expression Profiles Of Allergic Asthma In The Inner City,American Journal of Respiratory and Critical Care Medicine,189,,1,2014,American Thoracic Society
"Szefler, Stanley J; Cloutier, Michelle M; Villarreal, Miguel; Hollenbach, Jessica P; Gleason, Melanie; Haas-Howard, Christy; Vinick, Carol; Calatroni, Agustin; Cicutto, Lisa; White, Marty; ",Building Bridges for Asthma Care: Reducing school absence for inner-city children with health disparities,Journal of Allergy and Clinical Immunology,143,2,746-754. e2,2019,Mosby
"Bacharier, Leonard B; Beigelman, Avraham; Calatroni, Agustin; Jackson, Daniel J; Gergen, Peter J; O’Connor, George T; Kattan, Meyer; Wood, Robert A; Sandel, Megan T; Lynch, Susan V; ",Longitudinal phenotypes of respiratory health in a high-risk urban birth cohort,American journal of respiratory and critical care medicine,199,1,71-82,2019,American Thoracic Society
"Kercsmar, Carolyn M; Sorkness, Christine A; Calatroni, Agustin; Gergen, Peter J; Bloomberg, Gordon R; Gruchalla, Rebecca S; Kattan, Meyer; Liu, Andrew H; O'Connor, George T; Pongracic, Jacqueline A; ",A computerized decision support tool to implement asthma guidelines for children and adolescents,Journal of Allergy and Clinical Immunology,143,5,1760-1768,2019,Mosby
"Eaton, Alexander R; Calatroni, Agustin; Tang, Huong G; Virkud, Yamini V; Love, J Christopher; Shreffler, Wayne G; Patil, Sarita U; ",IgE hi Endophenotype in Those with Transient Desensitization after Peanut Oral Immunotherapy,Journal of Allergy and Clinical Immunology,143,2,AB83,2019,Elsevier Limited
"Leung, Donald YM; Calatroni, Agustin; Zaramela, Livia S; Dyjack, Nathan T; Brar, Kanwaljit K; LeBeau, Petra; David, Gloria L; Johnson, Keli; Leung, Susan B; Kreimer, Simion; ",A multi-omics evaluation of the non-lesional skin surface identifies atopic dermatitis with food allergy (AD FA+) as a unique endotype,Journal of Allergy and Clinical Immunology,143,2,AB125,2019,Elsevier Limited
"Ramratnam, Sima; Lockhart, Alexandre; Calatroni, Agustin; Bacharier, Leonard B; Jackson, Daniel J; Wood, Robert A; Kattan, Meyer; O'Connor, Peter; Visness, Cynthia M; Gergen, Peter J; ",Spirometry and Impulse Oscillometry Trajectories in an Inner-City Longitudinal Birth Cohort at High Risk for Asthma.,Journal of Allergy and Clinical Immunology,143,2,AB297,2019,Elsevier Limited
"Gergen, Peter J; Teach, Stephen J; Mitchell, Herman E; Freishtat, Robert F; Calatroni, Agustin; Matsui, Elizabeth; Kattan, Meyer; Bloomberg, Gordon R; Liu, Andrew H; Kercsmar, Carolyn; ",Lack of a relation between serum 25 (OH) D concentrations and asthma in adolescents,,,,,2013,
"Gern, James E; de la Morena, Maite; Lederman, Howard M; Sampson, Hugh A; Grindle, Kristine; Burger, Melissa; Cruikshank, William W; Shreffler, Wayne G; Calatroni, Agustin; Visness, Cynthia M; ",Standardization and Performance Evaluation of Mononuclear Cell Cytokine Secretion Assays in a Multicenter Study,,,,,2006,BioMed Central
"Leung, Donald YM; Calatroni, Agustin; Zaramela, Livia S; LeBeau, Petra K; Dyjack, Nathan; Brar, Kanwaljit; David, Gloria; Johnson, Keli; Leung, Susan; Ramirez-Gama, Marco; ",The nonlesional skin surface distinguishes atopic dermatitis with food allergy as a unique endotype,Science translational medicine,11,480,,2019,American Association for the Advancement of Science
"Schulten, Véronique; Frazier, April; Calatroni, Agustin; Kattan, Meyer; Bacharier, Leonard B; O’Connor, George T; Sandel, Megan T; Wood, Robert A; Wheatley, Lisa M; Togias, Alkis; ",The association of allergic sensitization patterns in early childhood with disease manifestations and immunological reactivity at 10 years of age,Clinical & Experimental Allergy,49,8,1087-1094,2019,
"Pomés, Anna; Glesner, Jill; Calatroni, Agustin; Visness, Cindy M; Wood, Robert A; O'Connor, George T; Kattan, Meyer; Bacharier, Leonard B; Wheatley, Lisa M; Gern, James E; ",Cockroach allergen component analysis of children with or without asthma and rhinitis in an inner-city birth cohort,Journal of Allergy and Clinical Immunology,144,4,935-944,2019,Mosby
"McCauley, Kathryn; Durack, Juliana; Valladares, Ricardo; Fadrosh, Douglas W; Lin, Din L; Calatroni, Agustin; LeBeau, Petra K; Tran, Hoang T; Fujimura, Kei E; LaMere, Brandon; ",Distinct nasal airway bacterial microbiotas differentially relate to exacerbation in pediatric patients with asthma,Journal of Allergy and Clinical Immunology,144,5,1187-1197,2019,Mosby
"Patil, Sarita U; Steinbrecher, Johanna; Calatroni, Agustin; Smith, Neal; Ma, Alex; Ruiter, Bert; Virkud, Yamini; Schneider, Michael; Shreffler, Wayne G; ",Early decrease in basophil sensitivity to Ara h 2 precedes sustained unresponsiveness after peanut oral immunotherapy,Journal of Allergy and Clinical Immunology,144,5,1310-1319. e4,2019,Mosby
"Lamprea‐Montealegre, Julio A; Zelnick, Leila R; Shlipak, Michael G; Floyd, James S; Anderson, Amanda H; He, Jiang; Christenson, Rob; Seliger, Stephen L; Soliman, Elsayed Z; Deo, Rajat; ",Cardiac biomarkers and risk of atrial fibrillation in chronic kidney disease: the CRIC study,Journal of the American Heart Association,8,15,e012200,2019,
"Sheehan, WJ; Krouse, RZ; Calatroni, A; Gergen, PJ; Busse, WW; Teach, SJ; ",Increasing aeroallergen sensitization predicts response to omalizumab therapy during the fall season among children with persistent asthma,ALLERGY,74,,27-27,2019,"WILEY 111 RIVER ST, HOBOKEN 07030-5774, NJ USA"
"Salo, Päivi M; Arbes Jr, Samuel J; Renee Jaramillo, MStat; Calatroni, Agustin; Weir, Charles H; Sever, Michelle L; Hoppin, Jane A; Rose, Kathryn M; Liu, Andrew H; Gergen, Peter J; ",Online Repository,,,,,,
"Jackson, Daniel J; Bacharier, Leonard B; Calatroni, Agustin; Gill, Michelle A; Hu, Jack; Liu, Andrew H; Wheatley, Lisa M; Gern, James E; Gruchalla, Rebecca S; Hershey, Gurjit K Khurana; ",Serum IL-6: A biomarker in childhood asthma?,Journal of Allergy and Clinical Immunology,,,,2020,Mosby
"Brar, Kanwaljit; Calatroni, Agustin; Palombi, Shirley; Goleva, Elena; Leung, Donald; ",Hyperlinear palms as a phenotypic marker of food allergy,Journal of Allergy and Clinical Immunology,145,2,AB193,2020,Elsevier Limited
"Goleva, Elena; Calatroni, Agustin; LeBeau, Petra; Berdyshev, Evgeny; Kreimer, Simion; Cole, Robert; Leung, Donald; ",Skin Tape Strip Proteomics Identifies Novel Pathways in Children with Atopic Dermatitis and Food Allergy,Journal of Allergy and Clinical Immunology,145,2,AB195,2020,Elsevier Limited
"Altman, Matthew; Ramratnam, Sima; Jackson, Daniel; Presnell, Scott; Gergen, Peter; Bacharier, Leonard; Kattan, Meyer; George, O; Wood, Robert; Calatroni, Agustin; ",Airway Epithelium Gene Expression Endotyping of Asthma and Airway Obstruction in Urban Children,Journal of Allergy and Clinical Immunology,145,2,AB176,2020,Elsevier Limited
"Jalbert, Emilie; Lussier, Stephanie; Johnson, Michael J; Jepson, Brett; Calatroni, Agustin; David, Gloria; Leung, Donald; Weinberg, Adriana; ",Lower influenza-specific cell-mediated immune responses in individuals with atopic dermatitis compared with healthy controls,Human Vaccines & Immunotherapeutics,,,1-9,2020,Taylor & Francis
"Goleva, Elena; Calatroni, Agustin; LeBeau, Petra; Berdyshev, Evgeny; Taylor, Patricia; Kreimer, Simion; Cole, Robert N; Leung, Donald YM; ",Skin tape proteomics identifies pathways associated with transepidermal water loss and allergen polysensitization in atopic dermatitis,Journal of Allergy and Clinical Immunology,,,,2020,Mosby
"Ramratnam, SK; Lockhart, A; Visness, C; Calatroni, A; Jackson, DJ; Gergen, PJ; Bacharier, LB; O'Connor, GT; Sandel, M; Kattan, M; ",Maternal Stress and Depression Associations with Respiratory Viral Illnesses and Respiratory Phenotypes,C21. ADVANCES IN ADULT AND PEDIATRIC ASTHMA PHENOTYPING AND ENDOTYPING,,,A4545-A4545,2020,American Thoracic Society
"Ober, Carole; McKennan, Chris G; Magnaye, Kevin M; Altman, Matthew C; Washington 3rd, Charles; Stanhope, Catherine; Naughton, Katherine A; Rosasco, Mario G; Bacharier, Leonard B; Billheimer, Dean; ",Expression quantitative trait locus fine mapping of the 17q12–21 asthma locus in African American children: a genetic association and gene expression study,The Lancet Respiratory Medicine,8,5,482-492,2020,Elsevier
"Brar, Kanwaljit K; Calatroni, Agustin; Berdyshev, Evgeny; Palombi, Shirley; Goleva, Elena; Leung, Donald YM; ",Hyperlinear palms as a clinical finding in peanut allergy,The Journal of Allergy and Clinical Immunology: In Practice,,,,2020,Elsevier
"Sheehan, William J; Krouse, Rebecca Z; Calatroni, Agustin; Gergen, Peter J; Gern, James E; Gill, Michelle A; Gruchalla, Rebecca S; Hershey, Gurjit K Khurana; Kattan, Meyer; Kercsmar, Carolyn M; ","Aeroallergen Sensitization, Serum IgE, and Eosinophilia as Predictors of Response to Omalizumab Therapy during the Fall Season among Children with Persistent Asthma",The Journal of Allergy and Clinical Immunology: In Practice,,,,2020,Elsevier
"Buie, T; Campbell, DB; Fuchs 3rd, GJ; Furuta, GT; Levy, J; Vandewater, J; Whitaker, AH; Atkins, D; Bauman, ML; Beaudet, AL; ",CHILDREN ALLERGY CENTER,Pediatrics,125,1,S1-18,2010,
"Nakatsuji, T; Hata, T; Tong, L; Cheng, J; Shafiq, F; Butcher, A; Spergel, A; Johnson, K; Jepson, B; Calatroni, A; ",860 Microbiome therapy of atopic dermatitis by application of rationally selected human commensal skin bacteria,Journal of Investigative Dermatology,140,7,S112,2020,Elsevier
